<?xml version="1.0" encoding="UTF-8"?>
<Module>
    <ModulePrefs title="Sample Gadget">
        <Require feature="pubsub-2" />
        <Require feature="loadingindicator" />
        <Require feature="dynamic-height" />
    </ModulePrefs>
    <UserPref name="scheme" display_name="scheme" default_value=""/>
    <UserPref name="host" display_name="host" default_value=""/>
    <UserPref name="hostPort" display_name="hostPort" default_value=""/>
    <Content type="html">
        <![CDATA[
            <!DOCTYPE html>
            <!-- Styling -->
            <link rel="stylesheet" href="SampleGadget.css" type="text/css" />
            
            <!-- jQuery -->
            <script type="text/javascript" src="__UP_scheme__://__UP_host__:__UP_hostPort__/desktop/assets/js/jquery.min.js"></script>
           
            <!-- Finesse Library -->
            <script type="text/javascript" src="__UP_scheme__://__UP_host__:__UP_hostPort__/desktop/assets/js/finesse.js"></script>

            <!-- Gadget Business Logic -->
            <script type="text/javascript" src="SampleGadget.js"></script>

            <body>
                <!-- Sample Gadget -->
                <div>
                    <fieldset id="userfieldset" class="outline">
                        <legend>User</legend>
                        <div><b> User ID: </b><span id="userId"></span></div>
                        <div><b> First Name: </b><span id="firstName"></div>
                        <div><b> Last Name: </b><span id="lastName"></div>
                        <div><b> Role: </b><span id="userRole"></div>
                        <div><b> Extension: </b><span id="extension"></div>
                        <div><b> Team ID: </b><span id="teamId"></div>
                        <div><b> Team Name: </b><span id="teamName"></div>
                        <div><b> Current User State: </b><span id="userState"></div>
                        <br>
                        <div id="goReady">
                            <button onClick="finesse.modules.SampleGadget.setUserState('READY');">Change state to READY</button>
                        </div>
                        <div id="goNotReady">
                            <button onClick="finesse.modules.SampleGadget.setUserState('NOT_READY');">Change state to NOT READY</button>
                        </div>
                    </fieldset>
                </div>
            </body>

            <script type="text/javascript">
                gadgets.HubSettings.onConnect = function () {
                    finesse.modules.SampleGadget.init();
                };
            </script>
        ]]>
    </Content>
</Module>