<?xml version="1.0" encoding="UTF-8"?>
<Module>
    <ModulePrefs title="Google Maps ScreenPop Gadget"
        description="Google Maps ScreenPop Gadget">

        <Require feature="settitle" />
        <Require feature="dynamic-height" />
        <Require feature="pubsub-2" />
        <Require feature="setprefs" />
        <Require feature="loadingindicator">
            <Param name="manual-dismiss">false</Param>
            <Param name="loading-timeout">10</Param>
        </Require>
    </ModulePrefs>

    <Content type="html">
        <![CDATA[
            <!-- Using DOCTYPE html breaks google maps so don't use it -->
            <!-- Styling -->
            <link rel="stylesheet" href="GoogleMapsScreenPop.css" type="text/css" />

            <!-- jQuery -->
            <script type="text/javascript" src="/desktop/assets/js/jquery.min.js"></script>
           
            <!-- Finesse Library -->
            <script type="text/javascript" src="/desktop/assets/js/finesse.js"></script>

            <!-- Gadget Business Logic -->
            <script type="text/javascript" src="GoogleMapsScreenPop.js"></script>

            <body class="claro">
                <!-- googlemapsscreenpop gadget html only has 2 divs which will be modified during the screenpop -->
                <div>
                    <input id="address" type="textbox" size="40" value="New York, NY">
                    <input type="button" value="Geocode" onclick="codeAddress()"> 
                    <div id="agentout"></div>
                    <div id="map_canvas"></div>
               </div>
            </body>

            <script type="text/javascript">
                // Initialize the gadget by loading the GoogleMaps javascript from Google based on the API Key
                // (Be sure to obtain and replace the API Key in GoogleMapsScreenPop.js)
                // and then run the gadget init handler 
                window.onload = loadScript;
                
                gadgets.HubSettings.onConnect = function () {
                    finesse.modules.SampleGadget.init();
                };
            </script>
        ]]>
    </Content>
</Module>