<?xml version="1.0" encoding="UTF-8"?>
<Module>

    <ModulePrefs title="Loading..."
            description="Spark Team Announcements">

        <Require feature="settitle" />
        <Require feature="dynamic-height" />
        <Require feature="pubsub-2" />
        <Require feature="setprefs" />
        <Require feature="loadingindicator">
            <Param name="manual-dismiss">true</Param>
            <Param name="loading-timeout">60</Param>
        </Require>
    </ModulePrefs>

    <Content type="html">
        <![CDATA[
            <!DOCTYPE html>
            <!-- Styling -->
            <link rel="stylesheet" href="bootstrap/3.3.5/css/bootstrap.min.css" type="text/css" />
            <link rel="stylesheet" href="SparkTeamAnnouncements.css" type="text/css" />

            <!-- jQuery -->
            <script type="text/javascript" src="/desktop/assets/js/jquery.min.js"></script>
            
            <!-- Bootstrap -->
            <script type="text/javascript" src="bootstrap/3.3.5/js/bootstrap.min.js"></script>
            
            <!-- Finesse Library -->
            <script type="text/javascript" src="/desktop/assets/js/finesse.js"></script>

            <!-- Gadget Business Logic -->
            <script type="text/javascript" src="SparkTeamAnnouncements.js"></script>

            <body>
                <div class="jumbotron" style="height:100%;width:100%;margin-bottom:0px;padding-top:5px;padding-top:2px;padding-bottom:2px;">
                    <div class="container" style="overflow:auto;height:100%;width:100%;padding-left:4px;padding-right:4px;padding-top:2px;padding-bottom:2px;">
                        <div id="gadgetNotification" style="padding-bottom:10px;"></div>
                        <!-- <h1>[Insert Team Announcements Here]</h1> -->
                        <table id='announce'>
                            <tr id="r1">
                                <td id="c1"></td>
                            </tr>
                        </table>
                        <table id='inputRow'>
                            <tr>
                                <td style="width: 44px;padding-left:7px;"><img id="impIcon" src="images/Alert-ToggleOff-02.png" title="Click here to mark/unmark the announcement as important" width="33" height="33" onClick="_toggleImportant();"></td>
                                <td><input class="myinputnotimp" type="text" id="msg" name="msg" placeholder="Type your announcement here and hit enter to send." onKeyDown="if(event.keyCode==13) _postData();"/></td>
                            </tr>
                        </table>
                    </div>
                </div>  
            </body>

            <script type="text/javascript">
                // initialize the gadget running the init handler defined in screenpop.js
                gadgets.HubSettings.onConnect = function () {
                    finesse.modules.SparkTeamAnnouncementsGadget.init();  
                };

            </script>
        ]]>
    </Content>
</Module>
