<?xml version="1.0" encoding="UTF-8"?>
<Module>

<ModulePrefs title="ScreenPop Gadget"
        description="ScreenPop Gadget">

    <Require feature="settitle" />
    <Require feature="dynamic-height" />
    <Require feature="pubsub-2" />
	<Require feature="setprefs" />
</ModulePrefs>

<Content type="html">
<![CDATA[
	<!-- Styling -->
    <link rel="stylesheet" href="ScreenPop.css" type="text/css" />

    <!-- jQuery 1.5 -->
    <script type="text/javascript" src="jquery-1.5.min.js"></script>
    
    <!-- Finesse Library -->
    <script type="text/javascript" src="finesse-9.1.1.js"></script>

    <!-- Gadget Business Logic -->
    <script type="text/javascript" src="ScreenPop.js"></script>

    <body class="claro">

    <!-- sample gadget html only has 1 div which will be modified during the screenpop -->
     <div>
        <div id="agentout">
   </div>
        
       
    </body>

    <script type="text/javascript">

    // initialize the gadget running the init handler defined in screenpop.js
    gadgets.HubSettings.onConnect = function () {
        finesse.modules.SampleGadget.init();
    
    };

    </script>
]]>
</Content>
</Module>