<?xml version="1.0" encoding="UTF-8"?>
<Module>

<ModulePrefs title="Click to Call"
        description="Click to Call">

    <Require feature="settitle" />
    <Require feature="dynamic-height" />
    <Require feature="pubsub-2" />
    <Require feature="setprefs" />
</ModulePrefs>

<Content type="html">
<![CDATA[
    <!DOCTYPE html>
    <!-- Styling -->
    <link rel="stylesheet" href="ClickToCall.css" type="text/css" />

    <!-- jQuery -->
    <script type="text/javascript" src="/desktop/assets/js/jquery.min.js"></script>
   
    <!-- Finesse Library -->
    <script type="text/javascript" src="/desktop/assets/js/finesse.js"></script>

    <!-- Gadget Business Logic -->
    <script type="text/javascript" src="ClickToCall.js"></script>

    <body class="claro">

    <!-- sample gadget -->
     <div>
        <fieldset id="userfieldset" class="outline">
           <br>
            <div id="makeCallButton">
                <button onClick="finesse.modules.SampleGadget.makeCall('41008');">Make Call to 41008</button>
            </div>
            <div><b>  </b><span id="errorMsg"></div>
        </fieldset>
        <br>
        
        
        
        
   </div>
    </body>

    <script type="text/javascript">
    gadgets.HubSettings.onConnect = function () {
        finesse.modules.SampleGadget.init();
    };

    </script>
]]>
</Content>
</Module>