<?xml version="1.0" encoding="UTF-8"?>
<Module>
    <ModulePrefs title="Update Call Variable Data"
            description="Update Call Variable Data">

        <Require feature="settitle" />
        <Require feature="dynamic-height" />
        <Require feature="pubsub-2" />
        <Require feature="setprefs" />
        <Require feature="loadingindicator">
            <Param name="manual-dismiss">false</Param>
            <Param name="loading-timeout">60</Param>
        </Require>
    </ModulePrefs>

    <Content type="html">
        <![CDATA[
            <!DOCTYPE html>
            <!-- Styling -->
            <link rel="stylesheet" href="UpdateCallVariableDataSampleGadget.css" type="text/css" />

            <!-- jQuery -->
            <script type="text/javascript" src="/desktop/assets/js/jquery.min.js"></script>
            
            <!-- Finesse Library -->
            <script type="text/javascript" src="/desktop/assets/js/finesse.js"></script>

            <!-- Gadget Business Logic -->
            <script type="text/javascript" src="UpdateCallVariableDataSampleGadget.js"></script>

            <body class="claro">
                <div>                    
                    <fieldset id="callvariableset" class="outline">
                        <div id="callVariablesDiv"></div>
                    </fieldset>
                </div>
            </body>

            <script type="text/javascript">
                // initialize the gadget running the init handler defined in UpdateCallVariableDataSampleGadget.js
                gadgets.HubSettings.onConnect = function () {
                    finesse.modules.SampleGadget.init();
                };
            </script>
        ]]>
    </Content>
</Module>