<?xml version="1.0" encoding="UTF-8"?>
<Module>

<ModulePrefs title="Sample Gadget"
        description="Sample Gadget"
        thumbnail="http://localhost:8080/">

    <Require feature="settitle" />
    <Require feature="dynamic-height" />
    <Require feature="pubsub-2" />
	<Require feature="setprefs" />
</ModulePrefs>

<Content type="html">
<![CDATA[
	<!DOCTYPE html>
	<!-- Styling -->
    <link rel="stylesheet" href="SampleGadget_Final.css" type="text/css" />

    <!-- jQuery 1.5 -->
    <script type="text/javascript" src="jquery-1.9.1.min.js"></script>
   
    <!-- Finesse Library -->
    <script type="text/javascript" src="finesse-10.5.1.js"></script>

    <!-- Gadget Business Logic -->
    <script type="text/javascript" src="SampleGadget_Final.js"></script>

    <body class="claro">

    <!-- sample gadget -->
     <div>
        <fieldset id="userfieldset" class="outline">
            <legend>User</legend>
			<div><b> User ID: </b><span id="userId"></span></div>
            <div><b> First Name: </b><span id="firstName"></div>
            <div><b> Last Name: </b><span id="lastName"></div>
            <div><b> Role: </b><span id="userRole"></div>
            <div><b> Extension: </b><span id="extension"></div>
            <div><b> Current User State: </b><span id="userState"></div>
            <br>
            <div id="goReady">
            	<button onClick="finesse.modules.SampleGadget.setUserState('READY');">Change state to READY</button>
        	</div>
        	<div id="goNotReady">
            	<button onClick="finesse.modules.SampleGadget.setUserState('NOT_READY');">Change state to NOT READY</button>
        	</div>
        	<br>
        	<div id="makeCallButton">
			<input type="text" id="phoneId" value="1001002"></input>
				<button onClick="finesse.modules.SampleGadget.makeCall(($('#phoneId')).val());">Make Call</button>
        	</div>
        </fieldset>
        <br>
        
        <fieldset id="dialogfieldset" class="outline">
            <legend>Dialog</legend>
            <div><b> Call Id: </b><span id="callId"></div>
			<div><b> Call Type: </b><span id="callType"></div>
            <div><b> DNIS: </b><span id="dnis"></div>
            <div><b> From Address: </b><span id="fromAddress"></div>
            <div><b> To Address: </b><span id="toAddress"></div>
            <div><b> Call State: </b><span id="callState"></div>
            <br>
            <iframe name="bing" id="bing" src=""></iframe>
        </fieldset>
   </div>
    </body>

    <script type="text/javascript">
    gadgets.HubSettings.onConnect = function () {
        finesse.modules.SampleGadget.init();
	  $('#bing').attr('src',"http://www.bing.com");
    };

    </script>
]]>
</Content>
</Module>