<?xml version="1.0" encoding="UTF-8"?>
<!-- Both the sample gadgets `TaskActivityNotificationPublisher.xml` and `TaskActivityNotificationSubscriber.xml` need to be deployed-->
<Module>

    <ModulePrefs title="TaskActivityNotification Publisher"
                 description="TaskActivityNotification Publisher Gadget"
                 thumbnail="http://localhost:8080/">

        <Require feature="settitle" />
        <Require feature="dynamic-height" />
        <Require feature="pubsub-2" />
        <Require feature="setprefs" />
        <Require feature="loadingindicator">
            <Param name="manual-dismiss">true</Param>
        </Require>
    </ModulePrefs>

    <Content type="html">
        <![CDATA[
        <!DOCTYPE html>
        <head>

          <link rel="stylesheet" href="/desktop/thirdparty/bootstrap/5.3.1/css/bootstrap.css" type="text/css"></link>
          <link rel="stylesheet" href="jsoneditor.min.css" type="text/css" />
          
          <!-- jQuery -->
          <script type="text/javascript" src="/desktop/assets/js/jquery.min.js"></script>

          <!-- Bootstrap -->
          <script type="text/javascript" src="/desktop/thirdparty/bootstrap/5.3.1/js/bootstrap.min.js"></script>
          
          <!-- Finesse Library -->
          <script type="text/javascript" src="/desktop/assets/js/finesse.js"></script>

          <!-- Gadget Business Logic -->
          <script type="text/javascript" src="TaskActivityNotificationGadget.js"></script>
		      <script type="text/javascript" src="jsoneditor.min.js"></script>

        </head>
        <body style="padding: 10px;">
		    <div id="jsoneditor" style="width: 300px;height: 300px;padding-right: 10px;padding-bottom: 10px;"></div>
    		<button id="publishActiveTask" class="button button1">Publish</button>
    		<button id="addSampleJson" class="button button2" onclick="addSampleJson()">Sample JSON</button>
		    <div id="success">Success</div>
		    <div id="failure">Failure</div>

          <style>
              .button {
                    border: none;
                    color: white;
                    padding: 5px 5px;
                    text-align: center;
                    text-decoration: none;
                    display: inline-block;
                    font-size: 14px;
                    margin: 1px 1px;
                    cursor: pointer;
                    background-color: #4CAF50;
              }

              .button1 {background-color: #4CAF50;margin :20px;} /* Green */
              .button2 {background-color: #008CBA;margin :20px;} /* Blue */

              #failure {color: #ff0000}
              #success {color: #008000}
          </style>
  
          <script>
              // create the editor
              const container = document.getElementById("jsoneditor");
              const options = {};
              const editor = new JSONEditor(container, options);
  
              editor.set({});
              editor.setMode('code');
              window.editor = editor;

              $('#success').hide();
              $('#failure').hide();

	      function addSampleJson() {
		editor.set({ "from" : "gadget_id", "message": { "taskId": "task_id_1", "active": true, "mediaType": "Twitter", "contextInfo" : { "account_id" : "xyz"}}});
	      }
          </script> 

        </body>

        <script type="text/javascript">
          gadgets.window.adjustHeight(800);
          gadgets.HubSettings.onConnect = function () {
            finesse.modules.TaskActivityNotificationGadget.init();
          };
        </script>
      ]]>
    </Content>
</Module>
