<?xml version="1.0" encoding="UTF-8"?>
<Module>
    <ModulePrefs title="Webservice Sample Gadget"
        description="Webservice Sample Gadget">
        <Require feature="settitle" />
        <Require feature="dynamic-height" />
        <Require feature="pubsub-2" />
    	<Require feature="setprefs" />
        <Require feature="loadingindicator">
            <Param name="manual-dismiss">false</Param>
            <Param name="loading-timeout">10</Param>
        </Require>
    </ModulePrefs>

    <Content type="html">
        <![CDATA[
        	<!DOCTYPE html>
        	<!-- Styling -->
            <link rel="stylesheet" href="WebService.css" type="text/css" />

            <!-- jQuery -->
            <script type="text/javascript" src="/desktop/assets/js/jquery.min.js"></script>
           
            <!-- Finesse Library -->
            <script type="text/javascript" src="/desktop/assets/js/finesse.js"></script>

            <!-- Gadget Business Logic -->
            <script type="text/javascript" src="WebService.js"></script>

            <body>
                <!-- Sample Gadget -->
                <div>
                    <br>	
            		<fieldset id="hubfieldset">
                        <legend>makeWebService</legend>
                        <button onClick="finesse.modules.SampleGadget.makeWebService();">Make Request</button>
                        <br>
            			<div>Text: <span id="result"></div>
            		</fieldset>
               </div>
            </body>

            <script type="text/javascript">
                gadgets.HubSettings.onConnect = function () {
                    finesse.modules.SampleGadget.init();
                };
            </script>
        ]]>
    </Content>
</Module>