<?xml version="1.0" encoding="UTF-8"?>
<Module>
    <ModulePrefs title="CSS 3 Animation Sample Gadget"
        description="CSS3 Animation work arround Sample Gadget"
        thumbnail="http://localhost:8082/">

        <Require feature="settitle" />
        <Require feature="dynamic-height" />
        <Require feature="pubsub-2" />
        <Require feature="setprefs" />
        <Require feature="loadingindicator">
            <Param name="manual-dismiss">false</Param>
            <Param name="loading-timeout">10</Param>
        </Require>
    </ModulePrefs>

    <Content type="html">
        <![CDATA[
            <!DOCTYPE html>


            <!-- jQuery -->
            <script type="text/javascript" src="/desktop/assets/js/jquery.min.js"></script>
           
            <!-- Finesse Library -->
            <script type="text/javascript" src="/desktop/assets/js/finesse.js"></script>

            <!-- Gadget Business Logic -->
            <script type="text/javascript" src="Css3SampleGadget.js"></script>

            <!-- Loads CSS 3 styles dynamically instead of using <link rel="stylesheet" href="Css3SampleGadget.css" type="text/css" /> -->
             <script type="text/javascript">
                 finesse.modules.Css3Gadget.injectResource('/3rdpartygadget/files/Css3Gadget/Css3SampleGadget.css');
              </script>

            <body class="claro">
                <!-- Sample Gadget -->
                <div>
                    <fieldset id="userfieldset" class="outline">
                        <legend>Make Call</legend>
                      <div id="makeCallButton">
                            <input type="text" id="phoneId" value="6100"></input>
                            <button class="blink">Make Call</button>
                        </div>
                    </fieldset>
                    <br>
                </div>
            </body>

            <script type="text/javascript">
                gadgets.HubSettings.onConnect = function () {
                    finesse.modules.Css3Gadget.init();
                };
            </script>
        ]]>
    </Content>
</Module>