<?xml version="1.0" encoding="UTF-8"?>
<Module>
    <ModulePrefs>
        <Require feature="pubsub-2"></Require>
        <Require feature="setprefs"></Require>
        <Require feature="osapi"></Require>
        <Require feature="dynamic-height"></Require>
    </ModulePrefs>
    <Content type="html">
        <![CDATA[
 
            <!DOCTYPE html PUBLIC "-//W3C//DTD XHTML 1.0 Transitional//EN" "http://www.w3.org/TR/xhtml1/DTD/xhtml1-transitional.dtd">
            <script type="text/javascript" src="/desktop/thirdparty/jquery/js/jquery-1.8.2.min.js"></script>
            <script type="text/javascript" src="/desktop/thirdparty/jquery/js/jquery-ui-1.8.9.custom.min.js"></script>
            <script type="text/javascript" src="/desktop/assets/js/finesse.js"></script>
            <script type="text/javascript" src="DigitalChannelHandler.js"></script>

            <style>
                h2 {
                    font-family: Arial, Verdana, sans-serif;
                    position: absolute;
                    top: 35px;
                }

                .container {
                    font-family: Arial, Verdana, sans-serif;
                }

                .divs {
                    height:200px;
                    margin:20px;
                }

                h3 {
                    position: absolute;
                    top: 35px;
                    left: 28px;
                    color: #4f5051;
                }

                label {
                	color: #0000FF;
                	font-size: 20px;
                }

                table {
                    position: absolute;
                    width: 1100px;
                    top: 100px;
                    border: 1px solid black;
                    background: hsla(0,0%,100%,.8);
                    box-shadow: 0 1px 3px 0 rgba(41,41,41,.18);
                    border-radius: .75rem;
                    background-color: #ebebec;
                    padding: 5px;
                }

                tr {
                    border: 2px solid black;
                }

                td {
                	padding: 2px;
                    border: 0px;
                    margin-right: 10px;
                }

                button {
                	background-color: #0ab7d7;
                    border-radius: 5px;
                    padding: 5px;
                    padding-left: 8px;
                    padding-right: 8px;
                    color: #fff;
                    font-size: 12px;
                }
                    
                button:hover {
                    background-color: #015cb2;
                    cursor: pointer;
                }
                    
                .disable {
                    background-color: #D0D3D4;
                    pointer-events:none;
                }
            </style>

            <h3>Third-party Digital Channel Mock Gadget</h3>
            <div class="container">
                <div class="divs">
                    <table>
                        <tr>
                            <td>
                                <label for="Spark">Third-party Chat:</label>
                            </td>
                            <td>
                                <button type = "button" id="ch1add" onclick="digitalChannelHandler.handleSparkAddClick()">
                                   Add Channel
                                </button>
                            </td>
                            <td>
                                <button type = "button" id="ch1remove" onclick="digitalChannelHandler.handleSparkRemoveClick()">
                                   Remove Channel
                                </button>
                            </td>
                            <td>
                                <button type = "button" id="ch1ready" onclick="digitalChannelHandler.handleSparkReadyClick()">
                                   Ready
                                </button>
                            </td>
                            <td>
                                <button type = "button" id="ch1notready" onclick="digitalChannelHandler.handleSparkNotReadyClick()">
                                   Not Ready
                                </button>
                            </td>
                            <td>
                                <button type = "button" id="ch1enable" onclick="digitalChannelHandler.handleSparkEnableClick()">
                                   Enable Channel
                                </button>
                            </td>
                            <td>
                                <button type = "button" id="ch1disable" onclick="digitalChannelHandler.handleSparkDisableClick()">
                                   Disable Channel
                                </button>
                            </td>
                            <td>
                                <button type = "button" id="ch1error" onclick="digitalChannelHandler.handleSparkErrorClick()">
                                   Channel Error
                                </button>
                            </td>
                            <td>
                                <button type = "button" id="ch1clear" onclick="digitalChannelHandler.handleSparkClearClick()">
                                   Clear Channel
                                </button>
                            </td>
                            <td>
                                <button type = "button" id="ch1showpop" onclick="digitalChannelHandler.handleSparkShowPop()">
                                   Show Popover
                                </button>
                            </td>
                            <td>
                                <button type = "button" id="ch1hidepop" onclick="digitalChannelHandler.handleSparkHidePop()">
                                   Hide Popover
                                </button>
                            </td>
                        </tr>
                        <tr>
                            <td>
                                <label for="Webex">Third-party Email:</label>
                            </td>
                            <td>
                                <button type = "button" id="ch2add" onclick="digitalChannelHandler.handleWebexAddClick()">
                                   Add Channel
                                </button>
                            </td>
                            <td>
                                <button type = "button" id="ch2remove" onclick="digitalChannelHandler.handleWebexRemoveClick()">
                                   Remove Channel
                                </button>
                            </td>
                            <td>
                                <button type = "button" id="ch2ready" onclick="digitalChannelHandler.handleWebexReadyClick()">
                                   Ready
                                </button>
                            </td>
                            <td>
                                <button type = "button" id="ch2notready" onclick="digitalChannelHandler.handleWebexNotReadyClick()">
                                   Not Ready
                                </button>
                            </td>
                            <td>
                                <button type = "button" id="ch2enable" onclick="digitalChannelHandler.handleWebexEnableClick()">
                                   Enable Channel
                                </button>
                            </td>
                            <td>
                                <button type = "button" id="ch2disable" onclick="digitalChannelHandler.handleWebexDisableClick()">
                                   Disable Channel
                                </button>
                            </td>
                            <td>
                                <button type = "button" id="ch2error" onclick="digitalChannelHandler.handleWebexErrorClick()">
                                   Channel Error
                                </button>
                            </td>
                            <td>
                                <button type = "button" id="ch2clear" onclick="digitalChannelHandler.handleWebexClearClick()">
                                   Clear Channel
                                </button>
                            </td>
                            <td>
                                <button type = "button" id="ch2showpop" onclick="digitalChannelHandler.handleWebexShowPop()">
                                   Show Popover
                                </button>
                            </td>
                            <td>
                                <button type = "button" id="ch2hidepop" onclick="digitalChannelHandler.handleWebexHidePop()">
                                   Hide Popover
                                </button>
                            </td>
                        </tr>
                    </table>
                </div>
            </div>

            <script type="text/javascript">
                function checkConnected() {
                    if (typeof gadgets.Hub != 'undefined' && gadgets.Hub.isConnected() && finesse != 'undefined' && digitalChannelHandler !='undefined') {
                        digitalChannelHandler.initialize();
                    }
                    else {
                         setTimeout(checkConnected, 100);
                    }
                 };

                $(document).bind("ready", function() {
                    checkConnected();
                });
            </script>
        ]]>
    </Content>
</Module>

